{"cameraMode":{"drawMode":0,"name":"Shaded","section":"Shading Mode"},"sceneLighting":true,"audioPlay":false,"sceneViewState":{"m_AlwaysRefresh":false,"showFog":true,"showSkybox":true,"showFlares":true,"showImageEffects":true,"showParticleSystems":true,"showVisualEffectGraphs":true,"m_FxEnabled":true},"in2DMode":false,"pivot":{"x":-0.01154947280883789,"y":0.48621082305908205,"z":-0.4196443557739258},"rotation":{"x":0.2705393135547638,"y":0.07499247789382935,"z":-0.021143849939107896,"w":0.9595520496368408},"size":5.474820137023926,"orthographic":false}